{"cameraMode":{"drawMode":0,"name":"Shaded","section":"Shading Mode"},"sceneLighting":true,"audioPlay":false,"sceneViewState":{"m_AlwaysRefresh":false,"showFog":true,"showSkybox":true,"showFlares":true,"showImageEffects":true,"showParticleSystems":true,"showVisualEffectGraphs":true,"m_FxEnabled":true},"in2DMode":false,"pivot":{"x":-12.509809494018555,"y":4.181490898132324,"z":9.749028205871582},"rotation":{"x":-0.0026588942855596544,"y":-0.9350231289863586,"z":-0.007012746296823025,"w":0.354507714509964},"size":17.71135711669922,"orthographic":false}